{
    "HTML": "HTML stands for hypertext markup language. It's used to organize the structure and content of a web page.",
    
    "CSS": "CSS stands for cascading style sheets. It's used to change the look and feel of a web page.",
    
    "JavaScript": "JavaScript is a programming language used to provide interactivity to web pages in web browsers and create dynamic websites on the server side.",
    
    "Wes": "Wes, or Our Wes as he is more commonly known, is famous from the popular viral video: You want to see the state of Our Wes.",
    
    "Jacket": "Jacket, or sayayayayayayayayayayme jacket as it should be said, should be announced when two individuals are wearing the same jacket."
}