{
    "HTML": "HTML stands for hypertext markup language. It's used to organize the structure and content of a web page.",
    
    "CSS": "CSS stands for cascading style sheets. It's used to change the look and feel of a web page.",
    
    "JavaScript": "JavaScript is a programming language used to provide interactivity to web pages in web browsers and create dynamic websites on the server side.",
    
    "Wes": "Wes, or Our Wes as he is more commonly known, is famous from the popular viral video: You want to see the state of Our Wes.",
    
    "Same Jacket": "Sayayayayayayayayayayme jacket. Same Jacket. Sayayayayayayayayayayme jacket. Sayayayayayayayayayayayayayayayayayayayayayayayayayayayayayayayayayayayayayayayayme jacket.",
    
    "Alldayer": "An all dayer is when you organise a sensible meeting time at the pub with you social circle. Let's hypothetically say a good meeting time is at 11am at Spoons. However in all actuality, it turns out that everyone arrives in dribs and drabs. By 2pm everyone is there and ready for the festivities ahead. A democratic kitty is formed and then you proceed to drink pints all day in various pubs. Come evening and night time after a trip to McDonalds or places alike some people move onto their short of choice, but I remain loyal to the Guinness. By the end of the day, the boozing has been completely, I am successfully ham barmed. And of course, the "
}